手机型号,上市时间,最低价格,最高价格,评价数,最小RAM,最大RAM,最小ROM,最大ROM,重量,屏幕尺寸,屏幕类型,分辨率,芯片型号,CPU得分,CPU核数,CPU主频率,GPU,操作系统,摄像头数,后置主像素,前置主像素,电池容量,充电接口,充电功率,网络类型,5G,无线充电
Huawei Mate 30 Pro 5G,201911,5899,7399,386442,8,8,128,512,198,6.53,OLED,2400x1176,Kirin 990 5G,113.1,8,2.86,16核Mali-G76,EMUI10.0,4,4000,3200,4500,Type-C,40,全网通,Yes,27
Huawei Mate 30 5G,201911,4499,4999,381865,8,8,128,256,196,6.62,OLED,2340x1080,Kirin 990 5G,113.1,8,2.86,16核Mali-G76,EMUI10.0,3,4000,2400,4200,Type-C,40,全网通,Yes,27
Huawei Mate 30 Pro,201909,5399,5899,395481,8,8,128,256,198,6.53,OLED,2400x1176,Kirin 990,109.4,8,2.86,16核Mali-G76,EMUI10.0,4,4000,3200,4500,Type-C,40,全网通,No,27
Huawei Mate 30,201909,3699,3999,206721,6,8,128,128,196,6.62,OLED,2340x1080,Kirin 990,114.4,8,2.86,16核Mali-G76,EMUI10.0,3,4000,2400,4200,Type-C,40,全网通,No,27
Huawei Mate 20 Pro,201810,4499,5099,332586,6,8,128,256,189,6.39,OLED,1440x3120,Kirin 980 ,99.6,8,2.6,Mali G76,EMUI 9.0,3,4000,2400,4200,Type-C,40,全网通,No,15
Huawei Mate 20,201810,2199,2599,523342,6,6,64,128,188,6.53,TFT LCD,1080x2244 ,Kirin 980 ,99.5,8,2.6,Mali G76,EMUI 9.0,3,1200,2400,4000,Type-C,40,全网通,No,0
Huawei Mate 20 X,201909,4299,4299,25094,8,8,256,256,233,7.2,OLED,1080x2244 ,Kirin 980 ,101.6,8,2.6,Mali G76,EMUI 9.0,3,4000,2400,4200,Type-C,40,全网通,Yes,0
Huawei P30 Pro,201904,4488,4988,638244,8,8,128,256,192,6.47,OLED,2340x1080,Kirin 980,100.7,8,2.6,Mali G76,EMUI 9.1,4,4000,3200,4200,Type-C,40,全网通,No,15
Huawei P30,201904,3688,3688,716842,8,8,128,128,165,6.1,OLED,2340x1080,Kirin 980,100.3,8,2.6,Mali G76,EMUI 9.1,3,4000,3200,3650,Type-C,22.5,全网通,No,0
Huawei nova 6 5G,201912,3499,3899,136241,8,8,128,256,212,6.57,LTPS LCD,2400x1080 ,Kirin 990,114.3,8,2.86,Mali G76,EMUI 10.0.1,3,4000,3200,4200,Type-C,40,全网通,Yes,0
Huawei nova 6 SE,201912,2199,2199,97648,8,8,128,128,183,6.4,LCD,2310x1080,Kirin 810 ,99.2,8,2.27,Mali-G52,EMUI 10.0.1,4,4800,1600,4200,Type-C,40,全网通,No,0
Huawei nova 5 Pro,201906,2499,2899,473624,8,8,128,256,171,6.39,OLED,2340x1080,Kirin 980,101.7,8,2.6,Mali G76 ,EMUI 9.1,4,4800,3200,3500,Type-C,40,全网通,No,0
Huawei nova 5z,201911,1799,1799,367894,6,6,128,128,178,6.26,LCD,2340x1080,Kirin 810 ,99.6,8,2.27,Mali-G52,EMUI 9.1,4,4800,3200,4000,Type-C,20,全网通,No,0
Huawei nova 5i Pro,201907,2099,2199,163425,8,8,128,256,178,6.26,LTPS,2340x1080,Kirin 810 ,99.1,8,2.27,Mali-G51,EMUI 9.1,4,4800,3200,4000,Type-C,20,全网通,No,0
Huawei nova 5i,201906,1799,1999,196421,6,8,128,128,178,6.4,TFT LCD,2310x1080,Kirin 710F,78.2,8,2.2,Mali-G51,EMUI 9.1,4,2400,2400,4000,Type-C,10,全网通,No,0
Huawei nava 4e,201903,1199,1399,312554,4,6,128,128,19,6.15,LTPS LCD,2312x1080,Kirin 710F,77.8,8,2.2,Mali-G51,EMUI 9.0,3,2400,3200,3340,Type-C,18,全网通,No,0
Huawei 麦芒 8,201906,1599,1599,62551,6,6,128,128,160,6.21,TFT LCD,2340x1080,Kirin 710F,78.1,8,2.2,Mali-G51,EMUI 9.0,3,2400,800,3400,Micro USB,10,全网通,No,0
Huawei 畅享10 Plus,201909,1349,1899,256373,4,8,128,128,196.8,6.59,LCD,2340x1080,Kirin 710F,78.1,8,2.2,Mali-G51,EMUI 9.1,3,4800,1600,4000,Type-C,10,全网通,No,0
Huawei 畅享10,201910,1099,1299,94862,4,6,64,128,176,6.39,TFT LCD,1560x720,Kirin 710F,78.1,8,2.2,Mali-G51,EMUI 9.1,2,4800,800,4000,Micro USB,10,全网通,No,0
Huawei 畅享10S,201911,1449,1999,51852,6,8,64,128,163,6.3,OLED,2400x1080,Kirin 710F,78.1,8,2.2,Mali-G51,EMUI 9.1,3,4800,1600,4000,Type-C,10,全网通,No,0
Huawei 畅享10e,202003,999,1199,31882,4,4,64,128,185,6.3,TFT LCD,1600x720,联发科 MT6765,66,8,2.3,IMG GE8320 ,EMUI10.0,2,1300,800,5000,Micro USB,10,全网通,No,0
Huawei 畅享9,201812,999,1099,501553,4,4,64,128,168,6.26,TFT LCD,1520x720,骁龙450,69.3,8,1.8,Adreno506,EMUI 8.2,2,1300,800,4000,Micro USB,10,全网通,No,0
Huawei 畅享9 Plus,201810,999,1399,637521,4,6,64,128,173,6.5,TFT LCD,1080*2340,Kirin710,78.1,8,2.2,Mali-G51,EMUI 8.2,2,1300,1600,4000,Micro USB,10,全网通,No,0
Huawei 畅享8e 青春,201806,499,499,416231,2,2,32,32,142,5.45,TFT LCD,1440x720,联发科MT6739,55.2,4,1.5,PowerVR GE8100,EMUI 8.2,1,1300,500,3020,Micro USB,10,全网通,No,0
Huawei 畅享MAX,201810,999,1249,176833,4,6,64,128,210,7.12,TFT LCD,2244x1080,骁龙660,80.1,8,1.95,Adreno512,EMUI 8.2,2,1600,800,5000,Micro USB,18,全网通,No,0
荣耀30S,202004,2399,2699,11942,8,8,128,256,190,6.5,LTPS LCD,2400x1080,Kirin 820,106.8,8,2.36,Mali-G57,Magic UI 3.1.1,4,6400,1600,4000,Type-C,40,全网通,Yes,0
荣耀20S,201909,1699,1699,567844,6,6,128,128,172,6.26,TFT LCD,2340x1080,Kirin 810,99.2,8,2.27,Mali-G52,Magic UI 2.1.1,3,4800,3200,3750,Type-C,20,全网通,No,0
荣耀20,201906,2299,2499,896531,8,8,128,256,174,6.26,TFT LCD,2340x1080,Kirin 980,100.3,8,2.6,Mali G76,Magic UI 2.1.0,4,4800,3200,3750,Type-C,22.5,全网通,No,0
荣耀20青春版,201910,1099,1899,326218,4,8,64,128,171.5,6.3,AMOLED,2400x1080,Kirin 710F,78.1,8,2.2,Mali G51-MP4,EMUI 9.1.1,3,4800,1600,4000,Type-C,20,全网通,No,0
荣耀20 PRO,201906,2299,2699,329584,8,8,128,256,182,6.26,TFT LCD,2340x1080,Kirin 980,99.2,8,2.6,Mali G76,Magic UI 2.1.0,4,4800,3200,4000,Type-C,22.5,全网通,No,0
荣耀20i,201904,1099,1799,903654,6,6,256,256,164,6.21,TFT LCD,2340x1080,Kirin 710F ,78.1,8,2.2,Mali G51-MP4,EMUI 9.1.1,2,2400,3200,3400,Micro USB,10,全网通,No,0
荣耀10,201807,1799,2198,1287642,6,8,64,128,153,5.84,TFT LCD,2280x1080,Kirin 970,88,8,2.36,Mali-G72 MP12,EMUI 8.1,2,1600,2400,3400,Type-C,22.5,全网通,No,0
荣耀10青春版,201811,888,1699,1348954,4,6,64,128,162,6.21,TFT LCD,2340x1080,Kirin 710,78.1,8,2.2,Mali G51-MP4,EMUI 9.0.1,2,1300,2400,3400,Micro USB,10,全网通,No,0
荣耀9i,201806,998,1149,1354466,4,4,64,128,152,5.84,TFT LCD,2280x1080,Kirin 659,71.4,8,2.36,Mali-T830 MP2,EMUI 8,2,1300,1600,3000,Micro USB,10,全网通,No,0
荣耀V30,201911,2999,3399,103856,6,8,128,128,213,6.57,TFT LCD,2400x1080,Kirin 990,113.1,8,2.86,Mali-G76,Magic UI 3.0.1,3,4000,3200,4200,Type-C,40,全网通,Yes,0
荣耀V30 PRO,201911,3599,3999,138442,8,8,128,256,206,6.57,TFT LCD,2400x1080,Kirin 990 5G,114.3,8,2.86,Mali-G76,Magic UI 3.0.1,3,4000,3200,4100,Type-C,40,全网通,Yes,27
荣耀V20,201812,2199,2799,893354,6,8,128,256,180,6.4,TFT LCD,2310x1080,Kirin 980,100.3,8,2.6,Mali G76,Magic UI 2.0.1,2,4800,2500,4000,Type-C,22.5,全网通,No,0
荣耀畅玩7,201805,599,599,563758,2,2,16,16,142,5.45,TFT LCD,1440x720,联发科 MT6739,55.2,4,1.5,PowerVR GE8100,EMUI 8,1,1300,500,3020,Micro USB,5,全网通,No,0
荣耀畅玩7A,201804,549,599,569254,2,3,32,32,150,5.7,TFT LCD,1440x720,骁龙430,65.1,8,1.4,Adreno505,EMUI 8,2,1300,800,3000,Micro USB,5,全网通,No,0
荣耀畅玩7C,201803,699,878,823485,3,4,32,64,164,5.99,TFT LCD,1440x720,骁龙450,69.3,8,1.8,Adreno506,EMUI 8,2,1300,800,3000,Micro USB,5,全网通,No,0
荣耀畅玩8A,201901,799,999,429654,3,3,32,64,150,6.088,TFT LCD,1560x720,联发科MT6765,55.2,8,2.3,IMG GE8320,EMUI 9.0.1,1,1300,800,3020,Micro USB,5,全网通,No,0
荣耀畅玩8C,201810,799,1099,751156,4,4,32,64,167.2,6.26,TFT LCD,1520x720,骁龙632,75.5,8,1.8,Adreno506,EMUI 8.2,2,1300,800,4000,Micro USB,10,全网通,No,0
荣耀畅玩9A,202003,899,1199,7100,4,4,64,128,185,6.3,TFT LCD,2340x1080,联发科MT6765,55.2,8,2.3,IMG GE8320,Android 10,2,1300,800,5000,Micro USB,10,全网通,No,0
荣耀Magic2,201812,2299,2799,257652,6,8,128,256,206,6.39,AMOLED,2340x1080,Kirin 980,100.3,8,2.6,Mali G76,Magic UI 2.0,3,1600,1600,3500,Type-C,40,全网通,No,0
荣耀Note 10,201807,1659,1999,273431,6,8,64,128,230,6.95,AMOLED,2220x1080,Kirin 970,88,8,2.36,Mali-G72 MP12,EMUI 8.2,2,2400,1300,5000,Type-C,22.5,全网通,No,0
荣耀Play3,202003,899,1499,327611,4,6,64,128,176,6.39,TFT LCD,1560*720,Kirin 710F,78.1,8,2.2,Mali G51-MP4,EMUI 8.2,3,4800,800,4000,Micro USB,10,全网通,No,0
荣耀play,201806,1255,2000,567225,4,6,64,128,176,6.3,TFT LCD,2340x1080,Kirin 970,88,8,2.36,Mali-G72 MP12,EMUI 8.2,2,1600,1600,3750,Type-C,18,全网通,No,0
荣耀play3e,201909,499,899,12954,2,3,32,64,146,5.71,TFT LCD,1520x720,联发科 MT6762R,55.2,8,2.3,IMG GE8320,EMUI 9.0.1,1,1300,500,3020,Micro USB,5,全网通,No,0
荣耀9X,201909,1199,1999,1356821,4,8,64,128,206,6.59,LTPS LCD,2340x1080,Kirin 810,99.1,8,2.27,Mali-G52,EMUI 9.0.1,2,4800,1600,4000,Type-C,10,全网通,No,0
荣耀9X PRO,201909,1999,2199,114298,8,8,128,256,206,6.59,LTPS LCD,2340x1080,Kirin 810,99.2,8,2.27,Mali-G52,EMUI 9.0.1,3,4800,1600,4000,Type-C,10,全网通,No,0
荣耀8X,201809,899,1699,2168755,4,6,64,128,175,6.5,LCD,2340x1080,Kirin 710F,78.1,8,2.2,Mali G51-MP4,EMUI 8.2,2,2000,1600,3750,Micro USB,10,全网通,No,0
荣耀8X Max,201809,999,1799,456321,4,6,64,128,210,7.12,LCD,2244x1080,骁龙660,80.1,8,1.95,Adreno512,EMUI 8.2,2,1600,800,5000,Micro USB,18,全网通,No,0
小米10,202002,3999,4699,99756,8,12,128,256,208,6.67,AMOLED,2340x1080,骁龙865,108.4,8,2.84,Adreno 650,MIUI 11,4,10800,2000,4780,Type-C,30,全网通,Yes,30
小米10 Pro,202002,4999,5999,53945,8,12,256,512,208,6.67,AMOLED,2340x1080,骁龙865,108.4,8,2.84,Adreno 650,MIUI 11,4,10800,2000,4500,Type-C,50,全网通,Yes,30
小米9,201909,2299,259,583446,6,8,128,256,173,6.39,AMOLED,2340x1080,骁龙855,102.4,8,2.84,Adreno 640,MIUI 10,3,4800,2000,3300,Type-C,27,全网通,No,20
小米9 Pro,201909,3799,4299,64955,8,12,256,512,196,6.39,AMOLED,2340x1080,骁龙855+,104.4,8,2.96,Adreno 640,MIUI 11,3,4800,2000,4000,Type-C,20,全网通,No,10
小米8屏下指纹版,201809,2099,2999,1372784,6,8,128,128,177,6.21,AMOLED,2248x1080,骁龙845,96.5,8,2.8,Adreno 630,Android 8.1,2,1200,2000,3000,Type-C,18,全网通,No,0
小米8青春版,201809,899,1699,443218,4,6,64,128,169,6.26,TFT LCD,2280x1080,骁龙660AIE,80.1,8,2.2,Adreno512,Android 8.1,2,1200,2400,3350,Type-C,10,全网通,No,0
小米CC9 Pro,201911,2599,3199,74072,6,8,128,256,208,6.47,AMOLED,2340x1080,骁龙730,93.6,8,2.2,Adreno 618,MIUI 11,4,10800,3200,5260,Type-C,30,全网通,No,0
小米CC9 美图定制,201907,1499,2099,102943,6,8,64,256,179,6.39,AMOLED,2340x1080,骁龙710,84,8,2.2,Adreno 616,MIUI 11,3,4800,3200,4030,Type-C,18,全网通,No,0
小米CC9e,201907,1049,1299,315483,6,6,64,128,173.8,6.088,AMOLED,1560x720,骁龙665,82.6,8,2,Adreno 610,MIUI 10,3,4800,3200,4030,Type-C,10,全网通,No,0
小米Max3,201807,999,1299,215762,4,6,64,128,221,6.9,TFT LCD,2160x1080,骁龙636,75.8,8,1.8,Adreno509,Android 8.1,2,1200,800,5000,Type-C,18,全网通,No,0
Redmi K30 Pro,202003,2999,3999,25764,6,8,128,256,218,6.67,AMOLED,2400x1080,骁龙865,108.4,8,2.84,Adreno 650,MIUI 11,4,6400,2000,4700,Type-C,33,全网通,Yes,0
Redmi K30,201912,1699,2199,185364,6,8,128,256,208,6.67,LCD,2400x1080,骁龙730,93.6,8,2.2,Adreno 618,MIUI 11,4,6400,2000,4500,Type-C,27,全网通,No,0
Redmi K30 5G,201912,1999,2699,98344,6,8,64,256,208,6.67,LCD,2400x1080,骁龙765,92.3,8,2.4,Adreno 620,MIUI 11,4,6400,2000,4500,Type-C,30,全网通,Yes,0
Redmi K20,201805,1458,1809,112453,6,8,64,256,191,6.39,AMOLED,2340x1080 ,骁龙730,93.6,8,2.2,Adreno 618,MIUI 10,3,4800,2000,4000,Type-C,18,全网通,No,0
Redmi K20 Pro,201805,2099,2399,653872,6,8,64,256,191,6.39,AMOLED,2340x1080 ,骁龙855,102.9,8,2.84,Adreno 640,MIUI 10,3,4800,2000,4000,Type-C,27,全网通,No,0
Redmi K20 Pro尊享版,201909,2399,3299,173442,8,12,128,512,191,6.39,AMOLED,2340x1080 ,骁龙855+,104.4,8,2.96,Adreno 640,MIUI 10,3,4800,2000,4000,Type-C,27,全网通,No,0
Redmi 8A,201910,599,749,553881,3,4,32,64,188,6.22,TFT LCD,1520x720,骁龙439,64.4,8,2,Adreno505,MIUI 10,1,1200,800,5000,Type-C,18,全网通,No,0
Redmi 8,201910,699,799,73921,3,4,32,64,190,6.22,TFT LCD,1520x720,骁龙439,64.4,8,2,Adreno505,MIUI 10,2,1200,800,5000,Type-C,18,全网通,No,0
Redmi Note 8,201908,899,1299,623721,4,6,64,128,190,6.3,LCD,2340x1080,骁龙665,82.6,8,2,Adreno 610,MIUI 10,4,4800,1300,4000,Type-C,18,全网通,No,0
Redmi Note 8 Pro,201908,1199,1799,597881,6,8,64,256,199.8,6.53,LCD,2340x1080,Helio G90T,92.3,8,2.05,Mali G76,MIUI 10,4,6400,2000,4500,Type-C,18,全网通,No,0
Redmi 7A,201905,488,549,241992,2,3,16,32,165,5.45,TFT LCD,1440x720,骁龙439,64.4,8,2,Adreno505,MIUI 10,1,1300,500,4000,Type-C,10,全网通,No,0
Redmi 7,201903,699,799,435572,2,4,16,64,180,6.26,LCD,1520x720,骁龙632,74.1,8,1.8,Adreno506,MIUI 10,2,1200,800,4000,Type-C,10,全网通,No,0
Redmi Note 7,201901,599,999,1087921,3,6,32,128,186,0.3,TFT LCD,2340x1080,骁龙660AIE,80.1,8,2.2,Adreno512,MIUI 10,2,4800,1300,4000,Type-C,10,全网通,No,0
Redmi Note 7 Pro,201903,1119,1119,527721,6,6,128,128,186,6.3,TFT LCD,2340x1080,骁龙675,83.4,8,2,Adreno612,MIUI 10,2,4800,1300,4000,Type-C,18,全网通,No,0
Redmi 6 Pro,201806,668,918,829663,3,4,32,64,178,5.84,TFT LCD,2280x1080,骁龙625,70.6,8,2,Adreno506,Android 8.1,2,1200,500,4000,Micro USB,10,全网通,No,0
Redmi 6A,201806,549,621,997754,2,3,16,32,145,5.45,TFT LCD,1440x720,Helio A22,71.8,4,2,null,Android 8.1,1,1300,500,3000,Micro USB,5,全网通,No,0
OPPO Find X2 Pro,202003,6999,6999,3300,12,12,256,256,217,6.7,OLED,3168*1440,骁龙865,106.7,8,2.84,Adreno 650,ColorOS 7.1,3,4800,3200,4260,Type-C,65,全网通,Yes,0
OPPO Find X2,202003,5499,5999,5463,8,8,128,256,209,6.7,OLED,3168*1440,骁龙865,108.4,8,2.84,Adreno 650,ColorOS 7.1,3,4800,3200,4200,Type-C,65,全网通,Yes,0
OPPO Reno3 Pro,201912,3999,4499,34512,8,12,128,256,171,6.5,AMOLED,2400x1080,骁龙765,92.3,8,2.4,Adreno 620,ColorOS 7,4,4800,3200,4025,Type-C,30,全网通,Yes,0
OPPO Reno3,201912,3399,3699,15275,8,12,128,128,181,6.4,AMOLED,2400x1080,天玑1000L,101.9,8,2.2,Mali G77,ColorOS 7,4,6400,3200,4025,Type-C,30,全网通,Yes,0
OPPO Reno3 元气版,202002,2999,2999,19354,8,8,128,128,180,6.4,AMOLED,2400x1080,骁龙765,92.3,8,2.4,Adreno 620,ColorOS 7,4,4800,3200,4025,Type-C,30,全网通,Yes,0
OPPO Reno Ace,201910,2999,3799,142881,8,12,128,256,200,6.5,OLED,2400x1080,骁龙855+,104,8,2.96,Adreno 640,ColorOS 6.1,4,4800,1600,4000,Type-C,65,全网通,No,0
OPPO Reno2 Z,201910,2299,2299,18866,8,8,128,128,195,6.5,AMOLED,2340x1080,MTK P90,92.2,8,2.2,GM9446,ColorOS 6.1,4,4800,1600,4000,Type-C,20,全网通,No,0
OPPO Reno2,201909,2999,2999,31867,8,8,128,128,189,6.5,AMOLED,2400x1080,骁龙730,93.4,8,2.2,Adreno 618,ColorOS 6,4,4800,1600,4000,Type-C,18,全网通,No,0
OPPO Reno,201904,1999,2499,99771,6,8,128,256,185,6.4,AMOLED,2400x1080,骁龙710,84,8,2.2,Adreno 616,ColorOS 6,3,4800,1600,3750,Type-C,18,全网通,No,0
OPPO Reno Z,201905,2199,2199,38544,6,8,128,256,186,6.4,AMOLED,2400x1080,MTK P90,92.2,8,2.2,GM9446,ColorOS 6,3,4800,3200,4035,Type-C,18,全网通,No,0
OPPO Reno 10 变焦版,201904,2799,3199,37881,6,8,128,256,210,6.6,OLED,2340x1080,骁龙855,102.6,8,2.8,Adreno 640,ColorOS 6,3,4800,1600,4065,Type-C,18,全网通,No,0
OPPO A9,201904,1399,1699,47269,4,6,128,128,190,6.53,TFT LCD,2340x1080,MTK P70,80.9,8,2.1,IMG GE8320,ColorOS 6,3,1600,1600,4020,Micro USB,10,全网通,No,0
OPPO A91,201912,1999,1999,8395,8,8,128,128,172,6.4,AMOLED,2400x1080,MTK MT6771V,63.3,8,2.1,Mali G72 MP3,ColorOS 6.1.2,4,4800,1600,4025,Type-C,18,全网通,No,0
OPPO A8,201912,1199,1399,24197,4,6,128,128,180,6.5,TFT LCD,1600x720,MT6765V,63.3,8,2.3,IMG GE8320,ColorOS 6.1.2,3,1200,800,4230,Micro USB,18,全网通,No,0
OPPO A11,201910,1199,1599,63762,4,6,64,256,195,6.5,TFT LCD,1600x720,骁龙665,82.6,8,2,Adreno 610,ColorOS 6,4,1200,800,5000,Micro USB,10,全网通,No,0
OPPO A11x,201909,1599,1599,30991,8,8,128,128,195,6.5,TFT LCD,1600x720,骁龙665,82.6,8,2,Adreno 610,ColorOS 6,4,4800,1600,5000,Micro USB,10,全网通,No,0
OPPO A5,201807,899,1199,251978,3,4,32,64,168,6.2,TFT LCD,1520*720,骁龙450,69.3,8,1.8,Adreno 506,ColorOS 5.1,2,1300,800,4230,Micro USB,10,全网通,No,0
OPPO K5,201910,1699,2499,203754,6,8,128,256,182,6.4,AMOLED,2340x1080,骁龙730,93.6,8,2.2,Adreno 618,ColorOS 6.1,4,6400,3200,4000,Type-C,30,全网通,No,0
OPPO K3,201905,1399,2299,372185,6,8,64,256,191,6.5,AMOLED,2340x1080,骁龙710,84.1,8,2.2,Adreno 616,ColorOS 6,2,1600,1600,3765,Type-C,18,全网通,No,0
OPPO K1,201810,1099,1599,563842,4,6,64,64,156,6.4,OLED,2340x1080,骁龙660,80.1,8,1.95,Adreno512,ColorOS 5.2,2,1600,2500,3600,Micro USB,10,全网通,No,0
vivo iQOO Pro,201908,2898,2998,164721,8,12,128,128,215,6.41,Super AMOLED,2340x1080,骁龙855+,104,8,2.96,Adreno 640,iQOO Monster UI,3,4800,1600,4500,Type-C,45,全网通,No,0
vivo iQOO 3,202002,3598,4398,32414,6,12,128,256,214.5,6.44,Super AMOLED,2400x1080,高通骁龙865,109.1,8,2.84,Adreno 650,iQOO UI,4,4800,1600,4440,Type-C,55,全网通,Yes,0
vivo iQOO Neo 855竞速版,201912,2298,2498,50972,8,12,128,128,198.5,6.38,Super AMOLED,2340x1080,骁龙855+,104.4,8,2.96,Adreno 640,iQOO Monster UI,3,1200,1600,4500,Type-C,33,全网通,No,0
vivo iQOO Neo 855,201910,1798,2198,223746,6,8,64,128,198.5,6.38,Super AMOLED,2340x1080,骁龙855,102.9,8,2.8,Adreno 640,iQOO Monster UI,3,1200,1600,4500,Type-C,33,全网通,No,0
vivo NEX 3S,202003,4998,5298,4956,8,12,256,256,219.5,6.89,AMOLED,2256x1080,高通骁龙865,108.8,8,2.84,Adreno 650,untouch OS_10,3,6400,1600,4500,Type-C,45,全网通,Yes,0
vivo NEX 3,201909,4498,4498,25397,8,8,256,256,217.3,6.89,Super AMOLED,2256x1080,骁龙855+,104.2,8,2.96,Adreno 640,Funtouch OS 9.1,3,6400,1600,4500,Type-C,45,全网通,Yes,0
vivo X30 Pro,201912,3998,4298,13541,8,8,128,256,198.5,6.44,Super AMOLED,2400x1080,Exynos 980,101.7,8,2.2,Mali-G76,Funtouch OS 10,4,6400,3200,4350,Type-C,33,全网通,Yes,0
vivo X30,201912,3298,3598,41835,8,8,128,256,196.5,6.44,Super AMOLED,2400x1080,Exynos 980,101.7,8,2.2,Mali-G76,Funtouch OS 10,3,6400,3200,4350,Type-C,33,全网通,Yes,0
vivo X27,201903,2498,2798,112973,8,8,128,256,188.3,6.39,Super AMOLED,2340x1080,骁龙710,84.2,8,2.2,Adreno 616,Funtouch OS 9,3,4800,1600,4000,Type-C,22.5,全网通,No,0
vivo S1 Pro,201905,1698,2298,47098,6,8,128,256,185,6.39,Super AMOLED,2340x1080,骁龙675AIE,82.8,8,2.4,Adreno 620,Funtouch OS 9,3,4800,3200,3700,Micro USB,10,全网通,No,0
vivo Z6,202002,2298,2698,27482,6,8,128,128,201,6.57,TFT LCD,2400x1080,骁龙675G,83.4,8,2.4,Adreno 620,Funtouch OS 10,4,4800,1600,5000,Type-C,44,全网通,Yes,0
vivo Z5,201907,1598,1798,274975,6,8,128,128,189.6,6.38,Super AMOLED,2400x1080,骁龙712,86.8,8,2.2,Adreno 616,Funtouch OS 9.1,3,4800,3200,4500,Type-C,22.5,全网通,No,0
vivo Z5x,201905,1398,1598,569234,6,8,128,128,201,6.57,TFT LCD,2400x1080,骁龙675G,83.4,8,2.4,Adreno 620,Funtouch OS 10,4,4800,1600,5000,Type-C,44,全网通,No,0
vivo Z5i,201907,1398,1698,271154,6,8,64,256,193,6.53,TFT LCD,2340x1080,骁龙675,83.4,8,2,Adreno 612,Funtouch OS 9.2,3,1600,1600,5000,Type-C,18,全网通,No,0
vivo U3,201910,999,1099,53754,4,6,64,64,193,6.53,TFT LCD,2340x1080,骁龙675,83.4,8,2,Adreno 612,Funtouch OS 9.2,3,1600,1600,5000,Micro USB,18,全网通,No,0
vivo U3x,201909,799,1099,172843,3,6,32,64,191.5,6.35,LCD,1544x720,骁龙665,82.6,8,1.95,Adreno 512,Funtouch OS 9.1,3,1300,800,5000,Micro USB,18,全网通,No,0
Realme X50 Pro,202003,3599,4199,5693,8,12,128,256,205,6.44,AMOLED,2400x1080,高通骁龙865,108.4,8,2.94,Adreno 650,realme UI,4,6400,3200,4200,Type-C,65,全网通,Yes,0
Realme X50,202001,2499,2999,14182,8,12,128,256,202,6.57,AMOLED,2400x1080,骁龙675G,83.4,8,2.4,Adreno 620,realme UI,4,6400,1600,4200,Type-C,30,全网通,Yes,0
Realme Q,201909,998,1598,195842,4,8,64,128,184,6.3,TFT LCD,2340x1080,骁龙712,86.8,8,2.3,Adreno 616,ColorOS 6,4,4800,1600,4035,Type-C,20,全网通,No,0
Realme X,201905,1099,1599,481375,4,8,64,256,191,6.5,AMOLED,2340x1080,骁龙710,83.6,8,2.2,Adreno 616,ColorOS 6,2,4800,1600,3765,Type-C,20,全网通,No,0
Realme X2,201909,1399,1799,173824,6,8,64,256,182,6.4,AMOLED,2340x1080,骁龙730,93.9,8,2.2,Adreno 618,ColorOS 6,4,6400,1600,4000,Type-C,30,全网通,No,0
Realme X2 Pro,201910,2499,3199,31473,6,12,64,256,199,6.5,AMOLED,2400x1080,骁龙855+,104.1,8,2.96,Adreno 640,ColorOS 6.1,4,6400,1600,4000,Type-C,50,全网通,No,0
OnePlus 7T,201910,2999,3199,124213,8,8,128,256,190,6.6,AMOLED,2400x1080,骁龙855+,104.4,8,2.96,Adreno 640,Oxygen OS 10,3,4800,1600,3800,Type-C,30,全网通,No,0
OnePlus 7T Pro,201910,3999,5299,73642,8,12,256,256,206,6.7,AMOLED,3120x1440,骁龙855+,104.4,8,2.93,Adreno 640,Oxygen OS 10,3,4800,1600,4085,Type-C,30,全网通,No,0
OnePlus 7 Pro,201905,3499,4499,625692,6,12,128,256,206,6.67,AMOLED,3120x1440,骁龙 855,103.1,8,2.84,Adreno 640,H2OS,3,4822,1600,4000,Type-C,30,全网通,No,0
OnePlus 6T,201811,2337,3599,187535,6,8,128,256,185,6.41,Optic AMOLED,2340x1080,骁龙845,96.3,8,2.8,Adreno 630,H2OS,2,2000,1600,3700,Type-C,20,全网通,No,0
OnePlus 7,201905,2999,3299,215374,8,12,256,256,182,6.41,Optic AMOLED,2400x1080,骁龙 855,103.3,8,2.84,Adreno 640,H2OS,2,4800,1600,3700,Type-C,20,全网通,No,0
Meizu Note 9,201903,1199,1299,46072,4,6,64,128,170,6.2,LCD,2244x1080,骁龙 675,83.4,8,2,Adreno 612,Flyme 7.2,2,4800,2000,4000,Type-C,18,全网通,No,0
Meizu 16Xs,201906,1499,1499,33794,6,6,64,64,165,6.2,AMOLED,2232x1080,骁龙 675,83.4,8,2,Adreno 612,Flyme 8,3,4800,1600,4000,Type-C,24,全网通,No,0
Meizu 16s,201904,2299,3199,72387,6,8,128,256,165,6.2,AMOLED,2232x1080,骁龙 855,102.9,8,2.84,Adreno 640,Flyme 7.3,2,4800,2000,3600,Type-C,24,全网通,No,0
Meizu 16T,201910,1999,2499,46924,6,8,128,256,183,6.5,AMOLED,2232x1080,骁龙 855,102,8,2.84,Adreno 640,Flyme 8,3,1200,1600,4500,Type-C,18,全网通,No,0
Meizu 16s Pro,201908,2699,3299,42983,6,8,128,256,166,6.2,AMOLED,2232x1080,骁龙855+,104.4,8,2.96,Adreno 640,Flyme 8,3,4800,2000,3600,Type-C,24,全网通,No,0
Meizu 16th Plus,201808,1698,1998,263991,6,8,128,256,182,6.5,AMOLED,2160x1080,骁龙845,97.5,8,2.8,Adreno 630,Meizu Flyme OS,2,1200,2000,3570,Type-C,18,全网通,No,0
Meizu 16X,201809,1598,1898,123841,6,6,64,128,154,6,AMOLED,2160x1080,骁龙710,84,8,2.2,Adreno 616,Meizu Flyme OS,2,1200,2000,3100,Type-C,24,全网通,No,0
Meizu X8,201810,1298,1698,164723,4,6,64,128,160,6.2,LCD,2220x1080,骁龙710,84,8,2.2,Adreno 616,Meizu Flyme OS,2,1200,2000,3210,Type-C,18,全网通,No,0
Samsung Galaxy A50s,201911,1999,1999,3594,6,6,128,128,166,6.4,Super AMOLED,2340x1080,Exynos 9611,92.8,8,2.3,Mali-G72 MP3,One UI,3,4800,3200,4000,Type-C,25,全网通,No,0
Samsung Galaxy A90,201910,3099,3099,33754,8,8,128,128,206,6.7,Super AMOLED,2400x1080,骁龙 855,102.9,8,2.84,Adreno 640,One UI,3,4800,3200,4500,Type-C,25,全网通,Yes,0
Samsung Galaxy A80,201907,3799,3799,14722,8,8,128,128,220,6.7,Super AMOLED,2400x1080,骁龙730,93.6,8,2.2,Adreno 618,One UI,3,4800,4800,3700,Type-C,25,全网通,No,0
Samsung Galaxy A70,201904,2499,2799,5347,6,8,128,128,220,6.7,Super AMOLED,2400x1080,骁龙 675,83.4,8,2,Adreno 612,One UI,3,3200,3200,4500,Type-C,25,全网通,No,0
Samsung Galaxy A70S,201911,2699,2699,7734,8,8,128,128,187,6.7,Super AMOLED,2400x1080,骁龙 675,84.8,8,2,Adreno 612,One UI,3,6400,3200,4500,Type-C,25,全网通,No,0
Samsung Galaxy M30S,201910,1699,1699,17841,6,6,128,128,188,6.4,Super AMOLED,2340x1080,Exynos 9611,92.8,8,2.3,Mali-G72 MP3,One UI,3,4800,1600,6000,Type-C,15,全网通,No,0
Samsung Galaxy S10e,201903,4299,4299,9297,6,6,128,128,150,5.8,AMOLED,2280x1080,骁龙 855,103.3,8,2.8,Adreno 640,One UI,2,1600,1000,3100,Type-C,15,全网通,No,10
Samsung Galaxy S10,201903,4199,4799,76742,8,8,128,512,157,6.1,AMOLED,3040x1440,骁龙 855,103.4,8,2.8,Adreno 640,One UI,3,1200,1000,3400,Type-C,15,全网通,No,10
Samsung Galaxy S10+,201903,4999,6999,58346,8,12,128,1024,175,6.4,AMOLED,3040x1440,骁龙 855,103.1,8,2.8,Adreno 640,One UI,3,1200,1000,4100,Type-C,15,全网通,No,10
Samsung Galaxy Note 10,201909,5599,5599,8467,8,8,256,256,168,6.3,AMOLED,2280x1080,骁龙 855,102.9,8,2.8,Adreno 640,One UI,3,1200,1000,3500,Type-C,25,全网通,No,10
Samsung Galaxy Note 10+,201909,7999,7999,37843,12,12,256,256,196,6.8,AMOLED,3040x1440,骁龙 855,104.2,8,2.8,Adreno 640,One UI,4,1200,1000,4300,Type-C,45,全网通,Yes,10
Samsung Galaxy A8s,201812,1599,1799,55375,6,8,128,128,173,6.4,TFT LCD,2340x1080,骁龙710,84,8,2.2,Adreno 616,Samsung Experience 9.0,3,2400,2400,3400,Type-C,10,全网通,No,0
iPhone 11 Pro,201909,8699,11799,243566,4,4,64,512,188,5.8,OLED,2436x1125,A13 仿生,114.1,6,2.66,自研四核心,iOS 13,3,1200,1200,3190,USB-C,18,全网通,No,10
iPhone 11 Pro Max,201909,9599,12699,249332,4,4,64,512,226,6.5,OLED,2688x1242,A13 仿生,114.1,6,2.66,自研四核心,iOS 13,3,1200,1200,3190,USB-C,18,全网通,No,10
iPhone 11,201909,5499,6799,1657852,4,4,64,512,194,6.1,LCD,1792x828,A12 仿生,102.8,6,2.49,自研四核心,iOS 13,1,1200,1200,3110,USB-C,18,全网通,No,10
iPhone XR,201810,4399,5199,2297552,3,3,64,256,194,6.1,LCD,1792x828,A12 仿生,102.8,6,2.49,自研四核心,ios 12,1,1200,700,2942,USB-C,18,全网通,No,10
iPhone XS,201809,5199,6499,453662,4,4,64,512,177,5.8,OLED,2436x1125,A12 仿生,102.8,6,2.49,自研四核心,ios 12,2,1200,700,2658,USB-C,18,全网通,No,10
iPhone XS Max,201809,6299,7799,1398711,4,4,64,512,208,6.5,OLED,2688x1242,A12 仿生,102.8,6,2.49,自研四核心,ios 12,2,1200,700,3174,USB-C,18,全网通,No,10
